Product 1,Product 2,Frequency,Support,Confidence 1→2,Confidence 2→1,Confidence 1→2 (%),Confidence 2→1 (%)
DR WHO TOP TRUMPS GAME,VINTAGE SNAP CARDS,1,2.481328006749212e-05,1.0,0.0005296610169491525,100.0,0.05
DR WHO TOP TRUMPS GAME,VINTAGE UNION JACK APRON,1,2.481328006749212e-05,1.0,0.0029940119760479044,100.0,0.3
DR WHO TOP TRUMPS GAME,VIPPASSPORT COVER ,1,2.481328006749212e-05,1.0,0.009009009009009009,100.0,0.9
DR WHO TOP TRUMPS GAME,WATERMELON BATH SPONGE,1,2.481328006749212e-05,1.0,0.004651162790697674,100.0,0.47
DR WHO TOP TRUMPS GAME,SWEETHEART KEY CABINET,1,2.481328006749212e-05,1.0,0.002544529262086514,100.0,0.25
DR WHO TOP TRUMPS GAME,SWISS CHALET TREE DECORATION ,1,2.481328006749212e-05,1.0,0.005291005291005291,100.0,0.53
DR WHO TOP TRUMPS GAME,"SWISS ROLL TOWEL, CHOCOLATE  SPOTS",1,2.481328006749212e-05,1.0,0.004672897196261682,100.0,0.47
DR WHO TOP TRUMPS GAME,TEA BAG PLATE RED SPOTTY ,1,2.481328006749212e-05,1.0,0.002150537634408602,100.0,0.22
DR WHO TOP TRUMPS GAME,TEA COSY BLUE STRIPE,1,2.481328006749212e-05,1.0,0.004672897196261682,100.0,0.47
DR WHO TOP TRUMPS GAME,TEA CUP AND SAUCER RETRO SPOT,1,2.481328006749212e-05,1.0,0.0072992700729927005,100.0,0.73
