Product 1,Product 2,Frequency
RED HANGING HEART T-LIGHT HOLDER,WHITE HANGING HEART T-LIGHT HOLDER,1240
WOODEN FRAME ANTIQUE WHITE ,WOODEN PICTURE FRAME WHITE FINISH,1114
JUMBO BAG RED RETROSPOT,JUMBO STORAGE BAG SUKI,1096
STRAWBERRY CERAMIC TRINKET BOX,SWEETHEART CERAMIC TRINKET BOX,1052
GREEN REGENCY TEACUP AND SAUCER,ROSES REGENCY TEACUP AND SAUCER ,1024
JUMBO BAG RED RETROSPOT,JUMBO SHOPPER VINTAGE RED PAISLEY,1008
HEART OF WICKER LARGE,HEART OF WICKER SMALL,1005
JUMBO BAG PINK POLKADOT,JUMBO BAG RED RETROSPOT,966
JUMBO BAG RED RETROSPOT,JUMBO BAG STRAWBERRY,926
60 TEATIME FAIRY CAKE CASES,PACK OF 60 PINK PAISLEY CAKE CASES,926
